ad_id,asset_key,category,title,type,thumbnail,open_full,client_or_sample,client_name_if_client,ai_presenter,publish_in_first_batch,notes
1,face-facts-asset2_u8sjim,face_serum,FACE SERUM CAMPAIGN,image,"=IMAGE(""https://res.cloudinary.com/dast35q6f/image/upload/w_300,h_300,c_fill,f_auto,q_auto/v1779190171/face-facts-asset2_u8sjim.png"")","=HYPERLINK(""https://res.cloudinary.com/dast35q6f/image/upload/v1779190171/face-facts-asset2_u8sjim.png"",""open"")",sample,,,y,
2,face-facts-assets3_zsg9aa,face_serum,FACE SERUM CAMPAIGN,image,"=IMAGE(""https://res.cloudinary.com/dast35q6f/image/upload/w_300,h_300,c_fill,f_auto,q_auto/v1779190171/face-facts-assets3_zsg9aa.png"")","=HYPERLINK(""https://res.cloudinary.com/dast35q6f/image/upload/v1779190171/face-facts-assets3_zsg9aa.png"",""open"")",sample,,,y,
3,face-facts-ad1_hds0vl,face_serum,FACE SERUM CAMPAIGN,video,"=IMAGE(""https://res.cloudinary.com/dast35q6f/video/upload/so_1,w_300,h_300,c_fill,f_jpg/v1779190107/face-facts-ad1_hds0vl.jpg"")","=HYPERLINK(""https://res.cloudinary.com/dast35q6f/video/upload/v1779190107/face-facts-ad1_hds0vl.mp4"",""open"")",sample,,,y,
4,face-facts-asset1_tflbn6,face_serum,FACE SERUM CAMPAIGN,image,"=IMAGE(""https://res.cloudinary.com/dast35q6f/image/upload/w_300,h_300,c_fill,f_auto,q_auto/v1779190166/face-facts-asset1_tflbn6.png"")","=HYPERLINK(""https://res.cloudinary.com/dast35q6f/image/upload/v1779190166/face-facts-asset1_tflbn6.png"",""open"")",sample,,,y,
5,face-facts-ugc1_msgmcs,face_serum,FACE SERUM CAMPAIGN,video,"=IMAGE(""https://res.cloudinary.com/dast35q6f/video/upload/so_1,w_300,h_300,c_fill,f_jpg/v1779190140/face-facts-ugc1_msgmcs.jpg"")","=HYPERLINK(""https://res.cloudinary.com/dast35q6f/video/upload/v1779190140/face-facts-ugc1_msgmcs.mov"",""open"")",sample,,,y,
6,face-facts-assets5_vwzz4b,face_serum,FACE SERUM CAMPAIGN,image,"=IMAGE(""https://res.cloudinary.com/dast35q6f/image/upload/w_300,h_300,c_fill,f_auto,q_auto/v1779195053/face-facts-assets5_vwzz4b.png"")","=HYPERLINK(""https://res.cloudinary.com/dast35q6f/image/upload/v1779195053/face-facts-assets5_vwzz4b.png"",""open"")",sample,,,y,
7,face-facts-assets4_qoxzfj,face_serum,FACE SERUM CAMPAIGN,image,"=IMAGE(""https://res.cloudinary.com/dast35q6f/image/upload/w_300,h_300,c_fill,f_auto,q_auto/v1779194724/face-facts-assets4_qoxzfj.png"")","=HYPERLINK(""https://res.cloudinary.com/dast35q6f/image/upload/v1779194724/face-facts-assets4_qoxzfj.png"",""open"")",sample,,,y,
8,wellman-ad1_kdx73g,men_supplements,MEN SUPPLEMENTS CAMPAIGN,video,"=IMAGE(""https://res.cloudinary.com/dast35q6f/video/upload/so_1,w_300,h_300,c_fill,f_jpg/v1779191359/wellman-ad1_kdx73g.jpg"")","=HYPERLINK(""https://res.cloudinary.com/dast35q6f/video/upload/v1779191359/wellman-ad1_kdx73g.mp4"",""open"")",sample,,,y,
9,wellman-asset3_m9mylo,men_supplements,MEN SUPPLEMENTS CAMPAIGN,image,"=IMAGE(""https://res.cloudinary.com/dast35q6f/image/upload/w_300,h_300,c_fill,f_auto,q_auto/v1779198612/wellman-asset3_m9mylo.png"")","=HYPERLINK(""https://res.cloudinary.com/dast35q6f/image/upload/v1779198612/wellman-asset3_m9mylo.png"",""open"")",sample,,,y,
10,wellman-asset1_q7btle,men_supplements,MEN SUPPLEMENTS CAMPAIGN,image,"=IMAGE(""https://res.cloudinary.com/dast35q6f/image/upload/w_300,h_300,c_fill,f_auto,q_auto/v1779198601/wellman-asset1_q7btle.png"")","=HYPERLINK(""https://res.cloudinary.com/dast35q6f/image/upload/v1779198601/wellman-asset1_q7btle.png"",""open"")",sample,,,y,
11,wellman-ugc1_k9mhfp,men_supplements,MEN SUPPLEMENTS CAMPAIGN,video,"=IMAGE(""https://res.cloudinary.com/dast35q6f/video/upload/so_1,w_300,h_300,c_fill,f_jpg/v1779191693/wellman-ugc1_k9mhfp.jpg"")","=HYPERLINK(""https://res.cloudinary.com/dast35q6f/video/upload/v1779191693/wellman-ugc1_k9mhfp.mp4"",""open"")",sample,,,y,
12,wellman-asset2_yk8kmk,men_supplements,MEN SUPPLEMENTS CAMPAIGN,image,"=IMAGE(""https://res.cloudinary.com/dast35q6f/image/upload/w_300,h_300,c_fill,f_auto,q_auto/v1779198663/wellman-asset2_yk8kmk.png"")","=HYPERLINK(""https://res.cloudinary.com/dast35q6f/image/upload/v1779198663/wellman-asset2_yk8kmk.png"",""open"")",sample,,,y,
13,wellman-ugc-1-chineese_u6zyaq,men_supplements,MEN SUPPLEMENTS CAMPAIGN,video,"=IMAGE(""https://res.cloudinary.com/dast35q6f/video/upload/so_1,w_300,h_300,c_fill,f_jpg/v1779191948/wellman-ugc-1-chineese_u6zyaq.jpg"")","=HYPERLINK(""https://res.cloudinary.com/dast35q6f/video/upload/v1779191948/wellman-ugc-1-chineese_u6zyaq.mp4"",""open"")",sample,,,y,
14,curlumi-ad3_w0ppoy,hair_curler,HAIR CURLER CAMPAIGN,image,"=IMAGE(""https://res.cloudinary.com/dyryfgjro/image/upload/w_300,h_300,c_fill,f_auto,q_auto/v1781594807/curlumi-ad3_w0ppoy.png"")","=HYPERLINK(""https://res.cloudinary.com/dyryfgjro/image/upload/v1781594807/curlumi-ad3_w0ppoy.png"",""open"")",sample,,,y,
15,curlumi-ad5_uhuhlr,hair_curler,HAIR CURLER CAMPAIGN,image,"=IMAGE(""https://res.cloudinary.com/dyryfgjro/image/upload/w_300,h_300,c_fill,f_auto,q_auto/v1781594810/curlumi-ad5_uhuhlr.png"")","=HYPERLINK(""https://res.cloudinary.com/dyryfgjro/image/upload/v1781594810/curlumi-ad5_uhuhlr.png"",""open"")",sample,,,y,
16,curlumi-ad2_mnwekb,hair_curler,HAIR CURLER CAMPAIGN,image,"=IMAGE(""https://res.cloudinary.com/dyryfgjro/image/upload/w_300,h_300,c_fill,f_auto,q_auto/v1781594835/curlumi-ad2_mnwekb.png"")","=HYPERLINK(""https://res.cloudinary.com/dyryfgjro/image/upload/v1781594835/curlumi-ad2_mnwekb.png"",""open"")",sample,,,y,
17,curlumi-ad1_nbt6px,hair_curler,HAIR CURLER CAMPAIGN,image,"=IMAGE(""https://res.cloudinary.com/dyryfgjro/image/upload/w_300,h_300,c_fill,f_auto,q_auto/v1781594840/curlumi-ad1_nbt6px.png"")","=HYPERLINK(""https://res.cloudinary.com/dyryfgjro/image/upload/v1781594840/curlumi-ad1_nbt6px.png"",""open"")",sample,,,y,
18,curlumi-ad4_ovqs8x,hair_curler,HAIR CURLER CAMPAIGN,image,"=IMAGE(""https://res.cloudinary.com/dyryfgjro/image/upload/w_300,h_300,c_fill,f_auto,q_auto/v1781594917/curlumi-ad4_ovqs8x.png"")","=HYPERLINK(""https://res.cloudinary.com/dyryfgjro/image/upload/v1781594917/curlumi-ad4_ovqs8x.png"",""open"")",sample,,,y,
19,curlumi-ugc_kwuf0o,hair_curler,HAIR CURLER CAMPAIGN,video,"=IMAGE(""https://res.cloudinary.com/dyryfgjro/video/upload/so_1,w_300,h_300,c_fill,f_jpg/v1781595420/curlumi-ugc_kwuf0o.jpg"")","=HYPERLINK(""https://res.cloudinary.com/dyryfgjro/video/upload/v1781595420/curlumi-ugc_kwuf0o.mov"",""open"")",sample,,,y,
20,wrth3_mtkyat,jersey,JERSEY CAMPAIGN,image,"=IMAGE(""https://res.cloudinary.com/dast35q6f/image/upload/w_300,h_300,c_fill,f_auto,q_auto/v1779197847/wrth3_mtkyat.png"")","=HYPERLINK(""https://res.cloudinary.com/dast35q6f/image/upload/v1779197847/wrth3_mtkyat.png"",""open"")",sample,,,y,
21,wrth8_ys1vxg,jersey,JERSEY CAMPAIGN,image,"=IMAGE(""https://res.cloudinary.com/dast35q6f/image/upload/w_300,h_300,c_fill,f_auto,q_auto/v1779197853/wrth8_ys1vxg.png"")","=HYPERLINK(""https://res.cloudinary.com/dast35q6f/image/upload/v1779197853/wrth8_ys1vxg.png"",""open"")",sample,,,y,
22,wrth7_cedazq,jersey,JERSEY CAMPAIGN,image,"=IMAGE(""https://res.cloudinary.com/dast35q6f/image/upload/w_300,h_300,c_fill,f_auto,q_auto/v1779197857/wrth7_cedazq.png"")","=HYPERLINK(""https://res.cloudinary.com/dast35q6f/image/upload/v1779197857/wrth7_cedazq.png"",""open"")",sample,,,y,
23,wrth-ad2_vnqekn,jersey,JERSEY CAMPAIGN,video,"=IMAGE(""https://res.cloudinary.com/dast35q6f/video/upload/so_1,w_300,h_300,c_fill,f_jpg/v1779190666/wrth-ad2_vnqekn.jpg"")","=HYPERLINK(""https://res.cloudinary.com/dast35q6f/video/upload/v1779190666/wrth-ad2_vnqekn.mp4"",""open"")",sample,,,y,
24,wrth2_slxdql,jersey,JERSEY CAMPAIGN,image,"=IMAGE(""https://res.cloudinary.com/dast35q6f/image/upload/w_300,h_300,c_fill,f_auto,q_auto/v1779197857/wrth2_slxdql.png"")","=HYPERLINK(""https://res.cloudinary.com/dast35q6f/image/upload/v1779197857/wrth2_slxdql.png"",""open"")",sample,,,y,
25,wrth6_le0l56,jersey,JERSEY CAMPAIGN,image,"=IMAGE(""https://res.cloudinary.com/dast35q6f/image/upload/w_300,h_300,c_fill,f_auto,q_auto/v1779197863/wrth6_le0l56.png"")","=HYPERLINK(""https://res.cloudinary.com/dast35q6f/image/upload/v1779197863/wrth6_le0l56.png"",""open"")",sample,,,y,
26,wrth5_u73eud,jersey,JERSEY CAMPAIGN,image,"=IMAGE(""https://res.cloudinary.com/dast35q6f/image/upload/w_300,h_300,c_fill,f_auto,q_auto/v1779197895/wrth5_u73eud.png"")","=HYPERLINK(""https://res.cloudinary.com/dast35q6f/image/upload/v1779197895/wrth5_u73eud.png"",""open"")",sample,,,y,
27,wrth-ad1_rdbexo,jersey,JERSEY CAMPAIGN,video,"=IMAGE(""https://res.cloudinary.com/dast35q6f/video/upload/so_1,w_300,h_300,c_fill,f_jpg/v1779190216/wrth-ad1_rdbexo.jpg"")","=HYPERLINK(""https://res.cloudinary.com/dast35q6f/video/upload/v1779190216/wrth-ad1_rdbexo.mov"",""open"")",sample,,,y,
28,wrth4_g4fxwt,jersey,JERSEY CAMPAIGN,image,"=IMAGE(""https://res.cloudinary.com/dast35q6f/image/upload/w_300,h_300,c_fill,f_auto,q_auto/v1779197956/wrth4_g4fxwt.png"")","=HYPERLINK(""https://res.cloudinary.com/dast35q6f/image/upload/v1779197956/wrth4_g4fxwt.png"",""open"")",sample,,,y,
29,wrth9_dhnss2,varsity_jacket,VARSITY JACKET CAMPAIGN,image,"=IMAGE(""https://res.cloudinary.com/dast35q6f/image/upload/w_300,h_300,c_fill,f_auto,q_auto/v1779197872/wrth9_dhnss2.png"")","=HYPERLINK(""https://res.cloudinary.com/dast35q6f/image/upload/v1779197872/wrth9_dhnss2.png"",""open"")",sample,,,y,
30,wrth14_psdhcn,varsity_jacket,VARSITY JACKET CAMPAIGN,image,"=IMAGE(""https://res.cloudinary.com/dast35q6f/image/upload/w_300,h_300,c_fill,f_auto,q_auto/v1779197876/wrth14_psdhcn.png"")","=HYPERLINK(""https://res.cloudinary.com/dast35q6f/image/upload/v1779197876/wrth14_psdhcn.png"",""open"")",sample,,,y,
31,wrth12_gdfr1l,varsity_jacket,VARSITY JACKET CAMPAIGN,image,"=IMAGE(""https://res.cloudinary.com/dast35q6f/image/upload/w_300,h_300,c_fill,f_auto,q_auto/v1779197877/wrth12_gdfr1l.png"")","=HYPERLINK(""https://res.cloudinary.com/dast35q6f/image/upload/v1779197877/wrth12_gdfr1l.png"",""open"")",sample,,,y,
32,wrth10_zhodmd,varsity_jacket,VARSITY JACKET CAMPAIGN,image,"=IMAGE(""https://res.cloudinary.com/dast35q6f/image/upload/w_300,h_300,c_fill,f_auto,q_auto/v1779197882/wrth10_zhodmd.png"")","=HYPERLINK(""https://res.cloudinary.com/dast35q6f/image/upload/v1779197882/wrth10_zhodmd.png"",""open"")",sample,,,y,
33,wrth15_hiodyu,varsity_jacket,VARSITY JACKET CAMPAIGN,image,"=IMAGE(""https://res.cloudinary.com/dast35q6f/image/upload/w_300,h_300,c_fill,f_auto,q_auto/v1779197887/wrth15_hiodyu.png"")","=HYPERLINK(""https://res.cloudinary.com/dast35q6f/image/upload/v1779197887/wrth15_hiodyu.png"",""open"")",sample,,,y,
34,wrth-set-ugc_b3orw8,varsity_jacket,VARSITY JACKET CAMPAIGN,video,"=IMAGE(""https://res.cloudinary.com/dast35q6f/video/upload/so_1,w_300,h_300,c_fill,f_jpg/v1779190943/wrth-set-ugc_b3orw8.jpg"")","=HYPERLINK(""https://res.cloudinary.com/dast35q6f/video/upload/v1779190943/wrth-set-ugc_b3orw8.mov"",""open"")",sample,,,y,
35,wrth18_bwmos5,varsity_jacket,VARSITY JACKET CAMPAIGN,image,"=IMAGE(""https://res.cloudinary.com/dast35q6f/image/upload/w_300,h_300,c_fill,f_auto,q_auto/v1779197886/wrth18_bwmos5.png"")","=HYPERLINK(""https://res.cloudinary.com/dast35q6f/image/upload/v1779197886/wrth18_bwmos5.png"",""open"")",sample,,,y,
36,wrth17_ciqxut,varsity_jacket,VARSITY JACKET CAMPAIGN,image,"=IMAGE(""https://res.cloudinary.com/dast35q6f/image/upload/w_300,h_300,c_fill,f_auto,q_auto/v1779197891/wrth17_ciqxut.png"")","=HYPERLINK(""https://res.cloudinary.com/dast35q6f/image/upload/v1779197891/wrth17_ciqxut.png"",""open"")",sample,,,y,
37,men_tshirt8_ln4k4c,tshirts,TSHIRTS CAMPAIGN,image,"=IMAGE(""https://res.cloudinary.com/dyryfgjro/image/upload/w_300,h_300,c_fill,f_auto,q_auto/v1763818582/men_tshirt8_ln4k4c.png"")","=HYPERLINK(""https://res.cloudinary.com/dyryfgjro/image/upload/v1763818582/men_tshirt8_ln4k4c.png"",""open"")",sample,,,y,
38,men_tshirtad1_ejs88w,tshirts,TSHIRTS CAMPAIGN,image,"=IMAGE(""https://res.cloudinary.com/dyryfgjro/image/upload/w_300,h_300,c_fill,f_auto,q_auto/v1763819461/men_tshirtad1_ejs88w.png"")","=HYPERLINK(""https://res.cloudinary.com/dyryfgjro/image/upload/v1763819461/men_tshirtad1_ejs88w.png"",""open"")",sample,,,y,
39,men_tshirt9_arkh9p,tshirts,TSHIRTS CAMPAIGN,image,"=IMAGE(""https://res.cloudinary.com/dyryfgjro/image/upload/w_300,h_300,c_fill,f_auto,q_auto/v1763818633/men_tshirt9_arkh9p.png"")","=HYPERLINK(""https://res.cloudinary.com/dyryfgjro/image/upload/v1763818633/men_tshirt9_arkh9p.png"",""open"")",sample,,,y,
40,men_tshirt3_aaax15,tshirts,TSHIRTS CAMPAIGN,image,"=IMAGE(""https://res.cloudinary.com/dyryfgjro/image/upload/w_300,h_300,c_fill,f_auto,q_auto/v1763812732/men_tshirt3_aaax15.png"")","=HYPERLINK(""https://res.cloudinary.com/dyryfgjro/image/upload/v1763812732/men_tshirt3_aaax15.png"",""open"")",sample,,,y,
41,archive5_kyn25y,tshirts,TSHIRTS CAMPAIGN,video,"=IMAGE(""https://res.cloudinary.com/dyryfgjro/video/upload/so_1,w_300,h_300,c_fill,f_jpg/v1771431785/archive5_kyn25y.jpg"")","=HYPERLINK(""https://res.cloudinary.com/dyryfgjro/video/upload/v1771431785/archive5_kyn25y.mov"",""open"")",sample,,,y,
42,Generated_Image_September_05_2025_-_7_09PM_xeizaf,chilli_sauce,CHILLI SAUCE CAMPAIGN,image,"=IMAGE(""https://res.cloudinary.com/dast35q6f/image/upload/w_300,h_300,c_fill,f_auto,q_auto/v1779200376/Generated_Image_September_05_2025_-_7_09PM_xeizaf.jpg"")","=HYPERLINK(""https://res.cloudinary.com/dast35q6f/image/upload/v1779200376/Generated_Image_September_05_2025_-_7_09PM_xeizaf.jpg"",""open"")",sample,,,y,
43,Generated_Image_September_05_2025_-_7_26PM_jqmfqv,chilli_sauce,CHILLI SAUCE CAMPAIGN,image,"=IMAGE(""https://res.cloudinary.com/dast35q6f/image/upload/w_300,h_300,c_fill,f_auto,q_auto/v1779200377/Generated_Image_September_05_2025_-_7_26PM_jqmfqv.jpg"")","=HYPERLINK(""https://res.cloudinary.com/dast35q6f/image/upload/v1779200377/Generated_Image_September_05_2025_-_7_26PM_jqmfqv.jpg"",""open"")",sample,,,y,
44,Generated_Image_September_05_2025_-_7_19PM_lzw8wr,chilli_sauce,CHILLI SAUCE CAMPAIGN,image,"=IMAGE(""https://res.cloudinary.com/dast35q6f/image/upload/w_300,h_300,c_fill,f_auto,q_auto/v1779200378/Generated_Image_September_05_2025_-_7_19PM_lzw8wr.jpg"")","=HYPERLINK(""https://res.cloudinary.com/dast35q6f/image/upload/v1779200378/Generated_Image_September_05_2025_-_7_19PM_lzw8wr.jpg"",""open"")",sample,,,y,
45,mv-demo4_dxuwgy,twopieces,TWOPIECES CAMPAIGN,image,"=IMAGE(""https://res.cloudinary.com/dyryfgjro/image/upload/w_300,h_300,c_fill,f_auto,q_auto/v1771332039/mv-demo4_dxuwgy.png"")","=HYPERLINK(""https://res.cloudinary.com/dyryfgjro/image/upload/v1771332039/mv-demo4_dxuwgy.png"",""open"")",sample,,,y,
46,mv-demo9_x6ptiu,twopieces,TWOPIECES CAMPAIGN,image,"=IMAGE(""https://res.cloudinary.com/dyryfgjro/image/upload/w_300,h_300,c_fill,f_auto,q_auto/v1771332215/mv-demo9_x6ptiu.png"")","=HYPERLINK(""https://res.cloudinary.com/dyryfgjro/image/upload/v1771332215/mv-demo9_x6ptiu.png"",""open"")",sample,,,y,
47,mv-demo12_bnrhcy,twopieces,TWOPIECES CAMPAIGN,image,"=IMAGE(""https://res.cloudinary.com/dyryfgjro/image/upload/w_300,h_300,c_fill,f_auto,q_auto/v1771332287/mv-demo12_bnrhcy.png"")","=HYPERLINK(""https://res.cloudinary.com/dyryfgjro/image/upload/v1771332287/mv-demo12_bnrhcy.png"",""open"")",sample,,,y,
48,mv-demo8_om3wsv,twopieces,TWOPIECES CAMPAIGN,image,"=IMAGE(""https://res.cloudinary.com/dyryfgjro/image/upload/w_300,h_300,c_fill,f_auto,q_auto/v1774510024/mv-demo8_om3wsv.png"")","=HYPERLINK(""https://res.cloudinary.com/dyryfgjro/image/upload/v1774510024/mv-demo8_om3wsv.png"",""open"")",sample,,,y,
49,mv-land1_blf6vb,twopieces,TWOPIECES CAMPAIGN,image,"=IMAGE(""https://res.cloudinary.com/dyryfgjro/image/upload/w_300,h_300,c_fill,f_auto,q_auto/v1774510129/mv-land1_blf6vb.jpg"")","=HYPERLINK(""https://res.cloudinary.com/dyryfgjro/image/upload/v1774510129/mv-land1_blf6vb.jpg"",""open"")",sample,,,y,
50,mv-ig_eyl4se,twopieces,TWOPIECES CAMPAIGN,video,"=IMAGE(""https://res.cloudinary.com/dyryfgjro/video/upload/so_1,w_300,h_300,c_fill,f_jpg/v1774510214/mv-ig_eyl4se.jpg"")","=HYPERLINK(""https://res.cloudinary.com/dyryfgjro/video/upload/v1774510214/mv-ig_eyl4se.mov"",""open"")",sample,,y,y,
51,d6gkk0rdh88e5xqkgy1j_aursf0,sauce,SAUCE CAMPAIGN,image,"=IMAGE(""https://res.cloudinary.com/dast35q6f/image/upload/w_300,h_300,c_fill,f_auto,q_auto/v1779199736/d6gkk0rdh88e5xqkgy1j_aursf0.webp"")","=HYPERLINK(""https://res.cloudinary.com/dast35q6f/image/upload/v1779199736/d6gkk0rdh88e5xqkgy1j_aursf0.webp"",""open"")",sample,,,y,
52,dlvgndhysd0eap95esdu_q9j2lv,sauce,SAUCE CAMPAIGN,image,"=IMAGE(""https://res.cloudinary.com/dast35q6f/image/upload/w_300,h_300,c_fill,f_auto,q_auto/v1779199765/dlvgndhysd0eap95esdu_q9j2lv.webp"")","=HYPERLINK(""https://res.cloudinary.com/dast35q6f/image/upload/v1779199765/dlvgndhysd0eap95esdu_q9j2lv.webp"",""open"")",sample,,,y,
53,goods1_ycdnnc,sauce,SAUCE CAMPAIGN,image,"=IMAGE(""https://res.cloudinary.com/dast35q6f/image/upload/w_300,h_300,c_fill,f_auto,q_auto/v1779199890/goods1_ycdnnc.webp"")","=HYPERLINK(""https://res.cloudinary.com/dast35q6f/image/upload/v1779199890/goods1_ycdnnc.webp"",""open"")",sample,,,y,
54,pfzlhz8lyfqjxrnskfug_icx18j,sauce,SAUCE CAMPAIGN,image,"=IMAGE(""https://res.cloudinary.com/dast35q6f/image/upload/w_300,h_300,c_fill,f_auto,q_auto/v1779199905/pfzlhz8lyfqjxrnskfug_icx18j.webp"")","=HYPERLINK(""https://res.cloudinary.com/dast35q6f/image/upload/v1779199905/pfzlhz8lyfqjxrnskfug_icx18j.webp"",""open"")",sample,,,y,
55,ads3_xtw1iv,shoe,SHOE CAMPAIGN,image,"=IMAGE(""https://res.cloudinary.com/dyryfgjro/image/upload/w_300,h_300,c_fill,f_auto,q_auto/v1771410999/ads3_xtw1iv.png"")","=HYPERLINK(""https://res.cloudinary.com/dyryfgjro/image/upload/v1771410999/ads3_xtw1iv.png"",""open"")",sample,,,y,
56,ads14_ibcrxk,shoe,SHOE CAMPAIGN,image,"=IMAGE(""https://res.cloudinary.com/dyryfgjro/image/upload/w_300,h_300,c_fill,f_auto,q_auto/v1771411002/ads14_ibcrxk.png"")","=HYPERLINK(""https://res.cloudinary.com/dyryfgjro/image/upload/v1771411002/ads14_ibcrxk.png"",""open"")",sample,,,y,
57,izzy-land_iwdkga,shoe,SHOE CAMPAIGN,image,"=IMAGE(""https://res.cloudinary.com/dyryfgjro/image/upload/w_300,h_300,c_fill,f_auto,q_auto/v1774514043/izzy-land_iwdkga.jpg"")","=HYPERLINK(""https://res.cloudinary.com/dyryfgjro/image/upload/v1774514043/izzy-land_iwdkga.jpg"",""open"")",sample,,,y,
58,ads4_iyfvrn,hoodie,HOODIE CAMPAIGN,image,"=IMAGE(""https://res.cloudinary.com/dyryfgjro/image/upload/w_300,h_300,c_fill,f_auto,q_auto/v1774514991/ads4_iyfvrn.png"")","=HYPERLINK(""https://res.cloudinary.com/dyryfgjro/image/upload/v1774514991/ads4_iyfvrn.png"",""open"")",sample,,,y,
59,ads7_vydhpr,hoodie,HOODIE CAMPAIGN,image,"=IMAGE(""https://res.cloudinary.com/dyryfgjro/image/upload/w_300,h_300,c_fill,f_auto,q_auto/v1774515586/ads7_vydhpr.png"")","=HYPERLINK(""https://res.cloudinary.com/dyryfgjro/image/upload/v1774515586/ads7_vydhpr.png"",""open"")",sample,,,y,
60,ads10_clqrp7,hoodie,HOODIE CAMPAIGN,image,"=IMAGE(""https://res.cloudinary.com/dyryfgjro/image/upload/w_300,h_300,c_fill,f_auto,q_auto/v1774515885/ads10_clqrp7.png"")","=HYPERLINK(""https://res.cloudinary.com/dyryfgjro/image/upload/v1774515885/ads10_clqrp7.png"",""open"")",sample,,,y,
61,ads12_ibjexf,hoodie,HOODIE CAMPAIGN,image,"=IMAGE(""https://res.cloudinary.com/dyryfgjro/image/upload/w_300,h_300,c_fill,f_auto,q_auto/v1774515917/ads12_ibjexf.png"")","=HYPERLINK(""https://res.cloudinary.com/dyryfgjro/image/upload/v1774515917/ads12_ibjexf.png"",""open"")",sample,,,y,
62,ads16_adyqmu,hoodie,HOODIE CAMPAIGN,image,"=IMAGE(""https://res.cloudinary.com/dyryfgjro/image/upload/w_300,h_300,c_fill,f_auto,q_auto/v1774516030/ads16_adyqmu.png"")","=HYPERLINK(""https://res.cloudinary.com/dyryfgjro/image/upload/v1774516030/ads16_adyqmu.png"",""open"")",sample,,,y,
63,vg-landscape_opjmje,hoodie,HOODIE CAMPAIGN,image,"=IMAGE(""https://res.cloudinary.com/dyryfgjro/image/upload/w_300,h_300,c_fill,f_auto,q_auto/v1774516109/vg-landscape_opjmje.jpg"")","=HYPERLINK(""https://res.cloudinary.com/dyryfgjro/image/upload/v1774516109/vg-landscape_opjmje.jpg"",""open"")",sample,,,y,
64,viding1_hkga82,hoodie,HOODIE CAMPAIGN,video,"=IMAGE(""https://res.cloudinary.com/dyryfgjro/video/upload/so_1,w_300,h_300,c_fill,f_jpg/v1774516143/viding1_hkga82.jpg"")","=HYPERLINK(""https://res.cloudinary.com/dyryfgjro/video/upload/v1774516143/viding1_hkga82.mp4"",""open"")",sample,,,y,
65,decor1_exmbv0,home_decor,HOME DECOR CAMPAIGN,image,"=IMAGE(""https://res.cloudinary.com/dast35q6f/image/upload/w_300,h_300,c_fill,f_auto,q_auto/v1779200161/decor1_exmbv0.png"")","=HYPERLINK(""https://res.cloudinary.com/dast35q6f/image/upload/v1779200161/decor1_exmbv0.png"",""open"")",sample,,,y,
66,decor3_rgpjzx,home_decor,HOME DECOR CAMPAIGN,image,"=IMAGE(""https://res.cloudinary.com/dast35q6f/image/upload/w_300,h_300,c_fill,f_auto,q_auto/v1779200178/decor3_rgpjzx.png"")","=HYPERLINK(""https://res.cloudinary.com/dast35q6f/image/upload/v1779200178/decor3_rgpjzx.png"",""open"")",sample,,,y,
67,decor2_abyozz,home_decor,HOME DECOR CAMPAIGN,image,"=IMAGE(""https://res.cloudinary.com/dast35q6f/image/upload/w_300,h_300,c_fill,f_auto,q_auto/v1779200179/decor2_abyozz.png"")","=HYPERLINK(""https://res.cloudinary.com/dast35q6f/image/upload/v1779200179/decor2_abyozz.png"",""open"")",sample,,,y,
68,rove-demo1_ydq0w2,female_gymwear,FEMALE GYMWEAR CAMPAIGN,image,"=IMAGE(""https://res.cloudinary.com/dyryfgjro/image/upload/w_300,h_300,c_fill,f_auto,q_auto/v1775807371/rove-demo1_ydq0w2.jpg"")","=HYPERLINK(""https://res.cloudinary.com/dyryfgjro/image/upload/v1775807371/rove-demo1_ydq0w2.jpg"",""open"")",sample,,,y,
69,rove-demo4_dn4jbq,female_gymwear,FEMALE GYMWEAR CAMPAIGN,image,"=IMAGE(""https://res.cloudinary.com/dyryfgjro/image/upload/w_300,h_300,c_fill,f_auto,q_auto/v1775807376/rove-demo4_dn4jbq.jpg"")","=HYPERLINK(""https://res.cloudinary.com/dyryfgjro/image/upload/v1775807376/rove-demo4_dn4jbq.jpg"",""open"")",sample,,,y,
70,rove-vid2_gwpglb,female_gymwear,FEMALE GYMWEAR CAMPAIGN,video,"=IMAGE(""https://res.cloudinary.com/dyryfgjro/video/upload/so_1,w_300,h_300,c_fill,f_jpg/v1775896819/rove-vid2_gwpglb.jpg"")","=HYPERLINK(""https://res.cloudinary.com/dyryfgjro/video/upload/v1775896819/rove-vid2_gwpglb.mp4"",""open"")",sample,,,y,
71,rove-demo2_gfjo8z,female_gymwear,FEMALE GYMWEAR CAMPAIGN,image,"=IMAGE(""https://res.cloudinary.com/dyryfgjro/image/upload/w_300,h_300,c_fill,f_auto,q_auto/v1775807381/rove-demo2_gfjo8z.jpg"")","=HYPERLINK(""https://res.cloudinary.com/dyryfgjro/image/upload/v1775807381/rove-demo2_gfjo8z.jpg"",""open"")",sample,,,y,
72,rove-demo5_xgensd,female_gymwear,FEMALE GYMWEAR CAMPAIGN,image,"=IMAGE(""https://res.cloudinary.com/dyryfgjro/image/upload/w_300,h_300,c_fill,f_auto,q_auto/v1775807382/rove-demo5_xgensd.jpg"")","=HYPERLINK(""https://res.cloudinary.com/dyryfgjro/image/upload/v1775807382/rove-demo5_xgensd.jpg"",""open"")",sample,,,y,
73,rove-demo8_wubmrx,female_gymwear,FEMALE GYMWEAR CAMPAIGN,image,"=IMAGE(""https://res.cloudinary.com/dyryfgjro/image/upload/w_300,h_300,c_fill,f_auto,q_auto/v1775807383/rove-demo8_wubmrx.jpg"")","=HYPERLINK(""https://res.cloudinary.com/dyryfgjro/image/upload/v1775807383/rove-demo8_wubmrx.jpg"",""open"")",sample,,,y,
74,rove-vid3_myukx5,female_gymwear,FEMALE GYMWEAR CAMPAIGN,video,"=IMAGE(""https://res.cloudinary.com/dyryfgjro/video/upload/so_1,w_300,h_300,c_fill,f_jpg/v1775896817/rove-vid3_myukx5.jpg"")","=HYPERLINK(""https://res.cloudinary.com/dyryfgjro/video/upload/v1775896817/rove-vid3_myukx5.mp4"",""open"")",sample,,,y,
75,rove-demo9_kgtskb,female_gymwear,FEMALE GYMWEAR CAMPAIGN,image,"=IMAGE(""https://res.cloudinary.com/dyryfgjro/image/upload/w_300,h_300,c_fill,f_auto,q_auto/v1775807393/rove-demo9_kgtskb.jpg"")","=HYPERLINK(""https://res.cloudinary.com/dyryfgjro/image/upload/v1775807393/rove-demo9_kgtskb.jpg"",""open"")",sample,,,y,
76,rove-demo3_nbtoxa,female_gymwear,FEMALE GYMWEAR CAMPAIGN,image,"=IMAGE(""https://res.cloudinary.com/dyryfgjro/image/upload/w_300,h_300,c_fill,f_auto,q_auto/v1775807393/rove-demo3_nbtoxa.jpg"")","=HYPERLINK(""https://res.cloudinary.com/dyryfgjro/image/upload/v1775807393/rove-demo3_nbtoxa.jpg"",""open"")",sample,,,y,
77,rove-vid6_u2rhct,female_gymwear,FEMALE GYMWEAR CAMPAIGN,video,"=IMAGE(""https://res.cloudinary.com/dyryfgjro/video/upload/so_1,w_300,h_300,c_fill,f_jpg/v1775896853/rove-vid6_u2rhct.jpg"")","=HYPERLINK(""https://res.cloudinary.com/dyryfgjro/video/upload/v1775896853/rove-vid6_u2rhct.mp4"",""open"")",sample,,,y,
78,rove-demo6_vbfe2v,female_gymwear,FEMALE GYMWEAR CAMPAIGN,image,"=IMAGE(""https://res.cloudinary.com/dyryfgjro/image/upload/w_300,h_300,c_fill,f_auto,q_auto/v1775807397/rove-demo6_vbfe2v.jpg"")","=HYPERLINK(""https://res.cloudinary.com/dyryfgjro/image/upload/v1775807397/rove-demo6_vbfe2v.jpg"",""open"")",sample,,,y,
79,rove-landp_nz9hsh,female_gymwear,FEMALE GYMWEAR CAMPAIGN,image,"=IMAGE(""https://res.cloudinary.com/dyryfgjro/image/upload/w_300,h_300,c_fill,f_auto,q_auto/v1775807399/rove-landp_nz9hsh.jpg"")","=HYPERLINK(""https://res.cloudinary.com/dyryfgjro/image/upload/v1775807399/rove-landp_nz9hsh.jpg"",""open"")",sample,,,y,
80,rove-demo7_ri28ha,female_gymwear,FEMALE GYMWEAR CAMPAIGN,image,"=IMAGE(""https://res.cloudinary.com/dyryfgjro/image/upload/w_300,h_300,c_fill,f_auto,q_auto/v1775807400/rove-demo7_ri28ha.jpg"")","=HYPERLINK(""https://res.cloudinary.com/dyryfgjro/image/upload/v1775807400/rove-demo7_ri28ha.jpg"",""open"")",sample,,,y,
81,rove-reel-3-min_m2hohq,female_gymwear,FEMALE GYMWEAR CAMPAIGN,video,"=IMAGE(""https://res.cloudinary.com/dyryfgjro/video/upload/so_1,w_300,h_300,c_fill,f_jpg/v1775821123/rove-reel-3-min_m2hohq.jpg"")","=HYPERLINK(""https://res.cloudinary.com/dyryfgjro/video/upload/v1775821123/rove-reel-3-min_m2hohq.mov"",""open"")",sample,,,y,
82,ad4_uifb2d,men_slide,MEN SLIDE CAMPAIGN,image,"=IMAGE(""https://res.cloudinary.com/dast35q6f/image/upload/w_300,h_300,c_fill,f_auto,q_auto/v1779197401/ad4_uifb2d.png"")","=HYPERLINK(""https://res.cloudinary.com/dast35q6f/image/upload/v1779197401/ad4_uifb2d.png"",""open"")",sample,,,y,
83,ad2_grirmf,men_slide,MEN SLIDE CAMPAIGN,video,"=IMAGE(""https://res.cloudinary.com/dast35q6f/video/upload/so_1,w_300,h_300,c_fill,f_jpg/v1779197401/ad2_grirmf.jpg"")","=HYPERLINK(""https://res.cloudinary.com/dast35q6f/video/upload/v1779197401/ad2_grirmf.mp4"",""open"")",sample,,,y,
84,ad3_ci9xgk,men_slide,MEN SLIDE CAMPAIGN,image,"=IMAGE(""https://res.cloudinary.com/dast35q6f/image/upload/w_300,h_300,c_fill,f_auto,q_auto/v1779197402/ad3_ci9xgk.png"")","=HYPERLINK(""https://res.cloudinary.com/dast35q6f/image/upload/v1779197402/ad3_ci9xgk.png"",""open"")",sample,,,y,
85,ad9_lo7lx4,men_slide,MEN SLIDE CAMPAIGN,image,"=IMAGE(""https://res.cloudinary.com/dast35q6f/image/upload/w_300,h_300,c_fill,f_auto,q_auto/v1779197402/ad9_lo7lx4.png"")","=HYPERLINK(""https://res.cloudinary.com/dast35q6f/image/upload/v1779197402/ad9_lo7lx4.png"",""open"")",sample,,,y,
86,ad1_q1xs0f,men_slide,MEN SLIDE CAMPAIGN,image,"=IMAGE(""https://res.cloudinary.com/dast35q6f/image/upload/w_300,h_300,c_fill,f_auto,q_auto/v1779197404/ad1_q1xs0f.png"")","=HYPERLINK(""https://res.cloudinary.com/dast35q6f/image/upload/v1779197404/ad1_q1xs0f.png"",""open"")",sample,,,y,
87,ad7_fs1bi0,men_slide,MEN SLIDE CAMPAIGN,image,"=IMAGE(""https://res.cloudinary.com/dast35q6f/image/upload/w_300,h_300,c_fill,f_auto,q_auto/v1779197407/ad7_fs1bi0.png"")","=HYPERLINK(""https://res.cloudinary.com/dast35q6f/image/upload/v1779197407/ad7_fs1bi0.png"",""open"")",sample,,,y,
88,ad8_jmwuzg,men_slide,MEN SLIDE CAMPAIGN,image,"=IMAGE(""https://res.cloudinary.com/dast35q6f/image/upload/w_300,h_300,c_fill,f_auto,q_auto/v1779197407/ad8_jmwuzg.png"")","=HYPERLINK(""https://res.cloudinary.com/dast35q6f/image/upload/v1779197407/ad8_jmwuzg.png"",""open"")",sample,,,y,
89,ad6_zbn8eq,men_slide,MEN SLIDE CAMPAIGN,image,"=IMAGE(""https://res.cloudinary.com/dast35q6f/image/upload/w_300,h_300,c_fill,f_auto,q_auto/v1779197408/ad6_zbn8eq.png"")","=HYPERLINK(""https://res.cloudinary.com/dast35q6f/image/upload/v1779197408/ad6_zbn8eq.png"",""open"")",sample,,,y,
90,ad5_kbrtwm,men_slide,MEN SLIDE CAMPAIGN,image,"=IMAGE(""https://res.cloudinary.com/dast35q6f/image/upload/w_300,h_300,c_fill,f_auto,q_auto/v1779197461/ad5_kbrtwm.png"")","=HYPERLINK(""https://res.cloudinary.com/dast35q6f/image/upload/v1779197461/ad5_kbrtwm.png"",""open"")",sample,,,y,
91,food1_fdtoil,food_cusine,FOOD CUSINE CAMPAIGN,image,"=IMAGE(""https://res.cloudinary.com/dast35q6f/image/upload/w_300,h_300,c_fill,f_auto,q_auto/v1779200260/food1_fdtoil.png"")","=HYPERLINK(""https://res.cloudinary.com/dast35q6f/image/upload/v1779200260/food1_fdtoil.png"",""open"")",sample,,,y,
92,food2_dhp0ry,food_cusine,FOOD CUSINE CAMPAIGN,image,"=IMAGE(""https://res.cloudinary.com/dast35q6f/image/upload/w_300,h_300,c_fill,f_auto,q_auto/v1779200268/food2_dhp0ry.png"")","=HYPERLINK(""https://res.cloudinary.com/dast35q6f/image/upload/v1779200268/food2_dhp0ry.png"",""open"")",sample,,,y,
93,food3_d0klxy,food_cusine,FOOD CUSINE CAMPAIGN,image,"=IMAGE(""https://res.cloudinary.com/dast35q6f/image/upload/w_300,h_300,c_fill,f_auto,q_auto/v1779200275/food3_d0klxy.png"")","=HYPERLINK(""https://res.cloudinary.com/dast35q6f/image/upload/v1779200275/food3_d0klxy.png"",""open"")",sample,,,y,
94,food4_ibbgrd,food_cusine,FOOD CUSINE CAMPAIGN,image,"=IMAGE(""https://res.cloudinary.com/dast35q6f/image/upload/w_300,h_300,c_fill,f_auto,q_auto/v1779200278/food4_ibbgrd.png"")","=HYPERLINK(""https://res.cloudinary.com/dast35q6f/image/upload/v1779200278/food4_ibbgrd.png"",""open"")",sample,,,y,
95,a-uplift-pro-ugc-final_dbarsd,uplift_pro,UPLIFT PRO CAMPAIGN,video,"=IMAGE(""https://res.cloudinary.com/dyryfgjro/video/upload/so_1,w_300,h_300,c_fill,f_jpg/v1790668307/a-uplift-pro-ugc-final_dbarsd.jpg"")","=HYPERLINK(""https://res.cloudinary.com/dyryfgjro/video/upload/v1790668307/a-uplift-pro-ugc-final_dbarsd.mov"",""open"")",sample,,,y,
96,uplift-pro-ad1_tru0pd,uplift_pro,UPLIFT PRO CAMPAIGN,image,"=IMAGE(""https://res.cloudinary.com/dyryfgjro/image/upload/w_300,h_300,c_fill,f_auto,q_auto/v1790668353/uplift-pro-ad1_tru0pd.png"")","=HYPERLINK(""https://res.cloudinary.com/dyryfgjro/image/upload/v1790668353/uplift-pro-ad1_tru0pd.png"",""open"")",sample,,,y,
97,uplift-pro-ad2_xfjsjk,uplift_pro,UPLIFT PRO CAMPAIGN,image,"=IMAGE(""https://res.cloudinary.com/dyryfgjro/image/upload/w_300,h_300,c_fill,f_auto,q_auto/v1790668365/uplift-pro-ad2_xfjsjk.png"")","=HYPERLINK(""https://res.cloudinary.com/dyryfgjro/image/upload/v1790668365/uplift-pro-ad2_xfjsjk.png"",""open"")",sample,,,y,
98,uplift-pro-ad3_mdnsau,uplift_pro,UPLIFT PRO CAMPAIGN,image,"=IMAGE(""https://res.cloudinary.com/dyryfgjro/image/upload/w_300,h_300,c_fill,f_auto,q_auto/v1790668376/uplift-pro-ad3_mdnsau.png"")","=HYPERLINK(""https://res.cloudinary.com/dyryfgjro/image/upload/v1790668376/uplift-pro-ad3_mdnsau.png"",""open"")",sample,,,y,
99,Uplift-pro-ugc_epeuhs,uplift_pro,UPLIFT PRO CAMPAIGN,video,"=IMAGE(""https://res.cloudinary.com/dyryfgjro/video/upload/so_1,w_300,h_300,c_fill,f_jpg/v1785833096/Uplift-pro-ugc_epeuhs.jpg"")","=HYPERLINK(""https://res.cloudinary.com/dyryfgjro/video/upload/v1785833096/Uplift-pro-ugc_epeuhs.mov"",""open"")",sample,,,y,hero reel on the creative site
